VideoTimeStamp,SegmentStart,SegmentEnd,Transcript,SpeakerID
User-5_2025-06-26 17-06-11,0.0,2.0,"Alright, we're recording?",5
User-5_2025-06-26 17-06-11,2.0,4.0,"Yep, recording. Audio.",5
User-5_2025-06-26 17-06-11,4.0,6.0,Alright.,5
User-5_2025-06-26 17-06-11,6.0,8.0,Alright.,5
User-5_2025-06-26 17-06-11,10.0,14.0,"Okay, just a minute while the application starts up.",5
User-5_2025-06-26 17-06-11,20.0,22.0,"Okay, cool.",5
User-5_2025-06-26 17-06-11,22.0,24.0,So your user ID is 5.,5
User-5_2025-06-26 17-06-11,24.0,26.0,So you can just hit the 5.,5
User-5_2025-06-26 17-06-11,26.0,28.0,And then hit the arrow.,5
User-5_2025-06-26 17-06-11,28.0,30.0,"Oh, not 55.",5
User-5_2025-06-26 17-06-11,30.0,32.0,Nope.,5
User-5_2025-06-26 17-06-11,34.0,36.0,Hello.,5
User-5_2025-06-26 17-06-11,36.0,38.0,"Oh, no.",5
User-5_2025-06-26 17-06-11,38.0,40.0,Oh my god.,5
User-5_2025-06-26 17-06-11,40.0,42.0,Does it also need to pinch or no?,5
User-5_2025-06-26 17-06-11,42.0,44.0,"No, just a click.",5
User-5_2025-06-26 17-06-11,44.0,46.0,"Oh, you can actually hold it.",5
User-5_2025-06-26 17-06-11,46.0,48.0,"Oh, no, it says 555 now.",5
User-5_2025-06-26 17-06-11,48.0,50.0,"Alright, you can just click it once.",5
User-5_2025-06-26 17-06-11,50.0,52.0,I'm trying.,5
User-5_2025-06-26 17-06-11,52.0,54.0,With your index finger.,5
User-5_2025-06-26 17-06-11,54.0,56.0,"Oh, perfect. Now hit the arrow.",5
User-5_2025-06-26 17-06-11,56.0,58.0,Use your index finger.,5
User-5_2025-06-26 17-06-11,58.0,60.0,Right.,5
User-5_2025-06-26 17-06-11,60.0,62.0,Thank god.,5
User-5_2025-06-26 17-06-11,62.0,64.0,No worries.,5
User-5_2025-06-26 17-06-11,64.0,66.0,"Yep, so you can do the same",5
User-5_2025-06-26 17-06-11,66.0,68.0,poke gesture to start the tutorial.,5
User-5_2025-06-26 17-06-11,68.0,70.0,"Oh, okay.",5
User-5_2025-06-26 17-06-11,70.0,72.0,Poke it with your finger and like...,5
User-5_2025-06-26 17-06-11,72.0,74.0,"Oh, just a poke, not a pinch.",5
User-5_2025-06-26 17-06-11,74.0,76.0,Okay.,5
User-5_2025-06-26 17-06-11,76.0,78.0,"From here on out, everything's basically a button.",5
User-5_2025-06-26 17-06-11,78.0,80.0,"Oh, anything like that.",5
User-5_2025-06-26 17-06-11,80.0,82.0,Got it.,5
User-5_2025-06-26 17-06-11,82.0,84.0,This is so low.,5
User-5_2025-06-26 17-06-11,84.0,86.0,But yes.,5
User-5_2025-06-26 17-06-11,86.0,88.0,I need to walk? Okay.,5
User-5_2025-06-26 17-06-11,88.0,90.0,This natural motion works the same way in mixed reality.,5
User-5_2025-06-26 17-06-11,90.0,92.0,Try it on nearby objects.,5
User-5_2025-06-26 17-06-11,92.0,94.0,"When you're ready, press the next button hovering near you to continue.",5
User-5_2025-06-26 17-06-11,94.0,96.0,And you should pick up the card again.,5
User-5_2025-06-26 17-06-11,96.0,98.0,Just like lift it up in front of your face and let go of it.,5
User-5_2025-06-26 17-06-11,98.0,100.0,So you can see they stay in the air.,5
User-5_2025-06-26 17-06-11,100.0,102.0,"Ah, I see.",5
User-5_2025-06-26 17-06-11,102.0,104.0,So anything like this will be able to be suspended in the air like this.,5
User-5_2025-06-26 17-06-11,104.0,106.0,And that will probably come in very handy for you.,5
User-5_2025-06-26 17-06-11,106.0,108.0,Yeah.,5
User-5_2025-06-26 17-06-11,108.0,110.0,So you can see they stay in the air.,5
User-5_2025-06-26 17-06-11,110.0,112.0,"Ah, I see.",5
User-5_2025-06-26 17-06-11,112.0,114.0,So anything like this will be able to be suspended in the air like this.,5
User-5_2025-06-26 17-06-11,114.0,116.0,And that will probably come in very handy for you.,5
User-5_2025-06-26 17-06-11,116.0,118.0,Very nice.,5
User-5_2025-06-26 17-06-11,118.0,120.0,"Okay, so how can I move...",5
User-5_2025-06-26 17-06-11,120.0,122.0,"Okay, so how can I move...",5
User-5_2025-06-26 17-06-11,122.0,124.0,You can teleport around the space in VR.,5
User-5_2025-06-26 17-06-11,124.0,126.0,"To do so, follow the gesture shown near your right hand.",5
User-5_2025-06-26 17-06-11,126.0,128.0,"To do so, follow the gesture shown near your right hand.",5
User-5_2025-06-26 17-06-11,128.0,130.0,Okay.,5
User-5_2025-06-26 17-06-11,130.0,132.0,So...,5
User-5_2025-06-26 17-06-11,132.0,134.0,So make a solid fist with your hand.,5
User-5_2025-06-26 17-06-11,134.0,136.0,So make a solid fist with your hand.,5
User-5_2025-06-26 17-06-11,136.0,138.0,"Yeah, exactly, just like that.",5
User-5_2025-06-26 17-06-11,138.0,140.0,Uh-huh.,5
User-5_2025-06-26 17-06-11,140.0,142.0,And then tap.,5
User-5_2025-06-26 17-06-11,144.0,146.0,And then tap.,5
User-5_2025-06-26 17-06-11,146.0,148.0,Mm-hmm.,5
User-5_2025-06-26 17-06-11,148.0,150.0,Mm-hmm.,5
User-5_2025-06-26 17-06-11,150.0,152.0,Mm-hmm.,5
User-5_2025-06-26 17-06-11,152.0,154.0,Mm-hmm.,5
User-5_2025-06-26 17-06-11,154.0,156.0,"Aside from turning physically,",5
User-5_2025-06-26 17-06-11,156.0,158.0,you can also turn quickly,5
User-5_2025-06-26 17-06-11,158.0,160.0,using the snap turn gesture.,5
User-5_2025-06-26 17-06-11,160.0,162.0,Follow the instructions near your hand to try it out.,5
User-5_2025-06-26 17-06-11,162.0,164.0,Follow the instructions near your hand to try it out.,5
User-5_2025-06-26 17-06-11,164.0,166.0,Nope.,5
User-5_2025-06-26 17-06-11,166.0,168.0,"Uh, so that's correct.",5
User-5_2025-06-26 17-06-11,168.0,170.0,And now just move your,5
User-5_2025-06-26 17-06-11,170.0,172.0,swipe your finger right or left.,5
User-5_2025-06-26 17-06-11,172.0,174.0,"Oh, swipe it.",5
User-5_2025-06-26 17-06-11,174.0,176.0,Okay.,5
User-5_2025-06-26 17-06-11,176.0,178.0,"So these are all ways to move,",5
User-5_2025-06-26 17-06-11,178.0,180.0,depending on what you choose to do.,5
User-5_2025-06-26 17-06-11,180.0,182.0,"When you're ready, press the next button hovering near you to continue.",5
User-5_2025-06-26 17-06-11,182.0,184.0,Okay.,5
User-5_2025-06-26 17-06-11,184.0,186.0,"When you're ready, you can hit next.",5
User-5_2025-06-26 17-06-11,186.0,188.0,Okay.,5
User-5_2025-06-26 17-06-11,188.0,190.0,"Okay, so before you begin,",5
User-5_2025-06-26 17-06-11,190.0,192.0,I'm gonna just give you some instructions.,5
User-5_2025-06-26 17-06-11,192.0,194.0,"So you're now in the room, so",5
User-5_2025-06-26 17-06-11,194.0,196.0,"if you feel uncomfortable or nauseous at any time,",5
User-5_2025-06-26 17-06-11,196.0,198.0,Mm-hmm.,5
User-5_2025-06-26 17-06-11,198.0,200.0,let us know. We can help you take the headset off,5
User-5_2025-06-26 17-06-11,200.0,202.0,"and you can feel the heat, and most people feel better immediately.",5
User-5_2025-06-26 17-06-11,202.0,204.0,Okay.,5
User-5_2025-06-26 17-06-11,204.0,206.0,"So if you play through the room at times,",5
User-5_2025-06-26 17-06-11,206.0,208.0,"I'm gonna ask you questions about your problem-solving process,",5
User-5_2025-06-26 17-06-11,208.0,210.0,so please respond to these with at least one or two sentence-long honest responses.,5
User-5_2025-06-26 17-06-11,210.0,212.0,Okay.,5
User-5_2025-06-26 17-06-11,212.0,214.0,"So whatever you're thinking in response,",5
User-5_2025-06-26 17-06-11,214.0,216.0,just say it out loud.,5
User-5_2025-06-26 17-06-11,216.0,218.0,"Okay, got it.",5
User-5_2025-06-26 17-06-11,218.0,220.0,"When you move about the room, you will sometimes find objects",5
User-5_2025-06-26 17-06-11,220.0,222.0,"you're unable to interact with, and you don't need to concern yourself with those.",5
User-5_2025-06-26 17-06-11,222.0,224.0,"you're unable to interact with, and you don't need to concern yourself with those.",5
User-5_2025-06-26 17-06-11,224.0,226.0,"In addition, when you solve a puzzle correctly,",5
User-5_2025-06-26 17-06-11,226.0,228.0,"there will be a bell sound, so if you hear the bell,",5
User-5_2025-06-26 17-06-11,228.0,230.0,you got it.,5
User-5_2025-06-26 17-06-11,230.0,232.0,Mm-hmm.,5
User-5_2025-06-26 17-06-11,232.0,234.0,And then a little bit of a narrative intro.,5
User-5_2025-06-26 17-06-11,234.0,236.0,There was once a woman in your neighborhood who lived for a very long time.,5
User-5_2025-06-26 17-06-11,236.0,238.0,"You want to know the secrets of her longevity,",5
User-5_2025-06-26 17-06-11,238.0,240.0,"so you decided to break into, I mean,",5
User-5_2025-06-26 17-06-11,240.0,242.0,"before, her former home.",5
User-5_2025-06-26 17-06-11,242.0,244.0,What secrets will you discover within?,5
User-5_2025-06-26 17-06-11,246.0,248.0,Everything. Okay?,5
User-5_2025-06-26 17-06-11,248.0,250.0,"Good, good, yes.",5
User-5_2025-06-26 17-06-11,250.0,252.0,"Okay, we were making sure the tech was good. You're good to go.",5
User-5_2025-06-26 17-06-11,252.0,254.0,Okay.,5
User-5_2025-06-26 17-06-11,262.0,264.0,This one with the ingredients.,5
User-5_2025-06-26 17-06-11,264.0,266.0,Okay.,5
User-5_2025-06-26 17-06-11,266.0,268.0,Okay.,5
User-5_2025-06-26 17-06-11,268.0,270.0,Okay.,5
User-5_2025-06-26 17-06-11,270.0,272.0,Okay.,5
User-5_2025-06-26 17-06-11,272.0,274.0,Okay.,5
User-5_2025-06-26 17-06-11,274.0,276.0,Okay.,5
User-5_2025-06-26 17-06-11,276.0,278.0,Okay.,5
User-5_2025-06-26 17-06-11,278.0,280.0,Okay.,5
User-5_2025-06-26 17-06-11,280.0,282.0,Okay.,5
User-5_2025-06-26 17-06-11,282.0,284.0,Okay.,5
User-5_2025-06-26 17-06-11,284.0,286.0,Okay.,5
User-5_2025-06-26 17-06-11,286.0,288.0,Okay.,5
User-5_2025-06-26 17-06-11,304.0,306.0,Okay.,5
User-5_2025-06-26 17-06-11,306.0,308.0,Okay.,5
User-5_2025-06-26 17-06-11,308.0,310.0,I see.,5
User-5_2025-06-26 17-06-11,310.0,312.0,Okay.,5
User-5_2025-06-26 17-06-11,312.0,314.0,Okay.,5
User-5_2025-06-26 17-06-11,322.0,326.0,"Ah, right. Nope.",5
User-5_2025-06-26 17-06-11,332.0,336.0,I really like the floating mechanic. It's very nice.,5
User-5_2025-06-26 17-06-11,336.0,340.0,I wish you could do that in real life. Me too.,5
User-5_2025-06-26 17-06-11,340.0,344.0,Notes about protein.,5
User-5_2025-06-26 17-06-11,344.0,348.0,"Oh no, math.",5
User-5_2025-06-26 17-06-11,352.0,356.0,Um...,5
User-5_2025-06-26 17-06-11,356.0,360.0,No problem.,5
User-5_2025-06-26 17-06-11,360.0,364.0,Turn your luck around someday.,5
User-5_2025-06-26 17-06-11,364.0,368.0,Okay.,5
User-5_2025-06-26 17-06-11,368.0,372.0,Yeah.,5
User-5_2025-06-26 17-06-11,372.0,376.0,This was a long one.,5
User-5_2025-06-26 17-06-11,376.0,380.0,That was a nice fish.,5
User-5_2025-06-26 17-06-11,380.0,408.06,Can I head away?,5
User-5_2025-06-26 17-06-11,408.06,409.04,"Oh, right.",5
User-5_2025-06-26 17-06-11,410.0,412.48,"No, let go.",5
User-5_2025-06-26 17-06-11,413.5,414.14,Thank you.,5
User-5_2025-06-26 17-06-11,415.14,416.82,"If you're ever having trouble letting go of something,",5
User-5_2025-06-26 17-06-11,416.96,418.76,just open your hand all the way,5
User-5_2025-06-26 17-06-11,418.76,420.02,in front of the headset.,5
User-5_2025-06-26 17-06-11,420.56,420.9,Got it.,5
User-5_2025-06-26 17-06-11,423.02,423.96,Green onions.,5
User-5_2025-06-26 17-06-11,440.0,455.82,"Okay, so...",5
User-5_2025-06-26 17-06-11,455.82,457.3,"Oh, no, go ahead.",5
User-5_2025-06-26 17-06-11,457.3,458.92,What does your last move,5
User-5_2025-06-26 17-06-11,458.92,461.28,tell you about the other clues you have?,5
User-5_2025-06-26 17-06-11,464.74,465.32,Not sure,5
User-5_2025-06-26 17-06-11,465.32,466.54,what that question means.,5
User-5_2025-06-26 17-06-11,467.78,469.52,"But, so far,",5
User-5_2025-06-26 17-06-11,470.0,471.56,I don't think I can,5
User-5_2025-06-26 17-06-11,471.56,473.6,"solve this yet, because I don't",5
User-5_2025-06-26 17-06-11,473.6,475.14,have the information about kale.,5
User-5_2025-06-26 17-06-11,475.34,476.56,I have information about carrots.,5
User-5_2025-06-26 17-06-11,477.02,479.18,Vegetable plants need different amounts of water to grow.,5
User-5_2025-06-26 17-06-11,481.64,482.12,It's...,5
User-5_2025-06-26 17-06-11,482.6,483.18,Come here.,5
User-5_2025-06-26 17-06-11,485.58,486.06,Yeah.,5
User-5_2025-06-26 17-06-11,486.64,488.66,"Too much water in there, rot at the base.",5
User-5_2025-06-26 17-06-11,488.76,490.38,"So, I need to find out",5
User-5_2025-06-26 17-06-11,490.38,492.72,"the kale, and then I can find out the green onion.",5
User-5_2025-06-26 17-06-11,493.56,494.6,Is that the process?,5
User-5_2025-06-26 17-06-11,497.58,498.6,I can't directly,5
User-5_2025-06-26 17-06-11,498.6,499.24,answer your question.,5
User-5_2025-06-26 17-06-11,500.0,501.0,I don't know how to do it.,5
User-5_2025-06-26 17-06-11,501.0,503.66,"But I can ask,",5
User-5_2025-06-26 17-06-11,504.04,506.8,what do you know,5
User-5_2025-06-26 17-06-11,506.8,508.5,that can help you solve the problem?,5
User-5_2025-06-26 17-06-11,510.32,512.14,"Okay, so I'm able to solve the problem",5
User-5_2025-06-26 17-06-11,512.14,514.16,"right now, right? With everything that I have?",5
User-5_2025-06-26 17-06-11,515.38,516.42,I can't directly,5
User-5_2025-06-26 17-06-11,516.42,517.16,answer your question.,5
User-5_2025-06-26 17-06-11,517.28,517.72,Okay.,5
User-5_2025-06-26 17-06-11,519.98,521.88,"Generally, what you need to solve a puzzle",5
User-5_2025-06-26 17-06-11,521.88,523.52,will be in the vicinity of the puzzle.,5
User-5_2025-06-26 17-06-11,524.42,525.06,Got it.,5
User-5_2025-06-26 17-06-11,530.0,531.46,"So, I'll ask you again, what do you know",5
User-5_2025-06-26 17-06-11,531.46,533.0,that can help you solve the problem?,5
User-5_2025-06-26 17-06-11,533.0,535.2,What do I know?,5
User-5_2025-06-26 17-06-11,536.1,537.44,There's a water can.,5
User-5_2025-06-26 17-06-11,540.88,543.22,"There's stuff over there, but I think that's a different puzzle.",5
User-5_2025-06-26 17-06-11,544.62,545.12,What do I know?,5
User-5_2025-06-26 17-06-11,545.12,546.42,I know that carrots need 40.,5
User-5_2025-06-26 17-06-11,554.88,557.0,"They need different amounts, so it's not 40.",5
User-5_2025-06-26 17-06-11,562.5,563.0,There's four.,5
User-5_2025-06-26 17-06-11,563.0,563.5,There's four.,5
User-5_2025-06-26 17-06-11,568.0,570.0,"So, if this is 40, they all need different amounts.",5
User-5_2025-06-26 17-06-11,574.0,575.0,"So, that's 80.",5
User-5_2025-06-26 17-06-11,578.5,580.0,They need 40 less.,5
User-5_2025-06-26 17-06-11,580.5,583.0,"So, this might be 60 plus 20.",5
User-5_2025-06-26 17-06-11,583.0,584.0,"But, it's not 40.",5
User-5_2025-06-26 17-06-11,584.0,585.0,"But, it's not 40.",5
User-5_2025-06-26 17-06-11,585.0,586.0,"But, it's not 40.",5
User-5_2025-06-26 17-06-11,586.0,587.0,"But, it's not 40.",5
User-5_2025-06-26 17-06-11,590.0,591.58,Maybe we don't need to do anything.,5
User-5_2025-06-26 17-06-11,593.84,594.5,Okay.,5
User-5_2025-06-26 17-06-11,595.7,596.42,Nope.,5
User-5_2025-06-26 17-06-11,596.44,596.94,Okay.,5
User-5_2025-06-26 17-06-11,597.3,597.8,Got it.,5
User-5_2025-06-26 17-06-11,620.0,629.0,"Oh boy, okay.",5
User-5_2025-06-26 17-06-11,645.0,648.92,"If you look at the board in front of you, you will see that it's on the board as well.",5
User-5_2025-06-26 17-06-11,649.92,651.92,So it is okay if the note disappears?,5
User-5_2025-06-26 17-06-11,651.92,652.92,"I was like, no.",5
User-5_2025-06-26 17-06-11,652.92,654.92,The note respawned where you found it.,5
User-5_2025-06-26 17-06-11,654.92,657.92,"Uh, course addition will be there, okay.",5
User-5_2025-06-26 17-06-11,671.92,672.92,Yeah.,5
User-5_2025-06-26 17-06-11,678.92,679.92,Woah.,5
User-5_2025-06-26 17-06-11,679.92,680.92,Oh no.,5
User-5_2025-06-26 17-06-11,680.92,681.92,Stop.,5
User-5_2025-06-26 17-06-11,681.92,682.92,What was that?,5
User-5_2025-06-26 17-06-11,682.92,683.92,beeps,5
User-5_2025-06-26 17-06-11,683.92,684.92,That's always weird.,5
User-5_2025-06-26 17-06-11,684.92,687.92,"It's weird hearing people talking to each other, I kept catching the train going and",5
User-5_2025-06-26 17-06-11,687.92,688.92,off I went.,5
User-5_2025-06-26 17-06-11,688.92,689.92,What now?,5
User-5_2025-06-26 17-06-11,689.92,690.92,Who dares to stop!,5
User-5_2025-06-26 17-06-11,690.92,691.92,That was hurt.,5
User-5_2025-06-26 17-06-11,691.92,692.92,I couldn't catch the train I thought yesterday.,5
User-5_2025-06-26 17-06-11,692.92,693.92,I can't hear anyone.,5
User-5_2025-06-26 17-06-11,693.92,694.92,I was stopped.,5
User-5_2025-06-26 17-06-11,694.92,695.92,Jason stops.,5
User-5_2025-06-26 17-06-11,695.92,696.92,I'm scared.,5
User-5_2025-06-26 17-06-11,696.92,697.92,Oh I'm scared.,5
User-5_2025-06-26 17-06-11,697.92,698.92,Jason can't catch the train.,5
User-5_2025-06-26 17-06-11,698.92,699.28,Abraham…,5
User-5_2025-06-26 17-06-11,699.28,700.28,I can't see.,5
User-5_2025-06-26 17-06-11,701.28,702.9599999999999,"Keep going, keep going.",5
User-5_2025-06-26 17-06-11,703.9599999999999,704.9599999999999,It's Flip.,5
User-5_2025-06-26 17-06-11,704.9599999999999,707.92,"Sorry, that was it.",5
User-5_2025-06-26 17-06-11,707.92,708.92,schneller.,5
User-5_2025-06-26 17-06-11,708.92,714.4399999999999,Okay.,5
User-5_2025-06-26 17-06-11,715.3199999999999,726.4799999999999,To the dessert.,5
User-5_2025-06-26 17-06-11,768.92,769.92,Okay.,5
User-5_2025-06-26 17-06-11,798.92,817.52,Can I open it?,5
User-5_2025-06-26 17-06-11,820.9799999999999,825.14,"So, can you eliminate any options based on what you know so far?",5
User-5_2025-06-26 17-06-11,829.24,837.52,The only item that I have that has the requirements...,5
User-5_2025-06-26 17-06-11,838.68,842.02,Is the tomatoes.,5
User-5_2025-06-26 17-06-11,842.6999999999999,844.42,And it says it's two hours.,5
User-5_2025-06-26 17-06-11,847.06,848.9799999999999,"That says different, though.",5
User-5_2025-06-26 17-06-11,850.06,850.76,"She said,",5
User-5_2025-06-26 17-06-11,850.8199999999999,852.88,not sure about the amount of sunlight.,5
User-5_2025-06-26 17-06-11,854.0799999999999,856.5999999999999,"Pretty sure spinach needs four hours of sun,",5
User-5_2025-06-26 17-06-11,856.5999999999999,858.3,or tomatoes need six.,5
User-5_2025-06-26 17-06-11,858.92,865.92,So tomatoes need two. So spinach needs either four or six.,5
User-5_2025-06-26 17-06-11,865.92,871.92,I think.,5
User-5_2025-06-26 17-06-11,880.92,885.92,So what assumptions are you making about the puzzle and how can you test them?,5
User-5_2025-06-26 17-06-11,885.92,888.92,"Well, the only thing that...",5
User-5_2025-06-26 17-06-11,891.92,896.92,"The card shows six hours, which is that third one.",5
User-5_2025-06-26 17-06-11,899.92,904.92,My next option was going to be to just stick them into different places.,5
User-5_2025-06-26 17-06-11,904.92,906.92,Like a trial and error.,5
User-5_2025-06-26 17-06-11,907.92,910.92,But I kind of want to figure it out without that.,5
User-5_2025-06-26 17-06-11,912.92,913.92,Not you.,5
User-5_2025-06-26 17-06-11,915.92,918.92,I'm just going to go with the first one.,5
User-5_2025-06-26 17-06-11,921.92,925.92,She saved a couple of packets so that she can check to be sure.,5
User-5_2025-06-26 17-06-11,925.92,927.92,But other packets don't have...,5
User-5_2025-06-26 17-06-11,930.92,932.92,Anything...,5
User-5_2025-06-26 17-06-11,933.92,934.92,On them.,5
User-5_2025-06-26 17-06-11,936.92,937.92,"Oh, sorry.",5
User-5_2025-06-26 17-06-11,939.92,943.92,No. Oh. No they do.,5
User-5_2025-06-26 17-06-11,945.92,947.92,"Delicious, cool.",5
User-5_2025-06-26 17-06-11,949.92,952.92,"Okay, about four hours more than tomatoes.",5
User-5_2025-06-26 17-06-11,952.92,953.92,"Okay, that was wrong.",5
User-5_2025-06-26 17-06-11,954.92,956.92,That was probably four hours.,5
User-5_2025-06-26 17-06-11,958.92,960.92,That was six hours.,5
User-5_2025-06-26 17-06-11,967.92,969.92,So it's either four or six.,5
User-5_2025-06-26 17-06-11,969.92,970.92,Okay.,5
User-5_2025-06-26 17-06-11,970.92,971.92,Okay.,5
User-5_2025-06-26 17-06-11,971.92,972.92,Okay.,5
User-5_2025-06-26 17-06-11,972.92,973.92,Okay.,5
User-5_2025-06-26 17-06-11,973.92,974.92,Okay.,5
User-5_2025-06-26 17-06-11,974.92,975.92,Okay.,5
User-5_2025-06-26 17-06-11,975.92,976.92,Can I do it with either hand?,5
User-5_2025-06-26 17-06-11,976.92,977.92,"Oh, I can.",5
User-5_2025-06-26 17-06-11,977.92,978.92,Very nice.,5
User-5_2025-06-26 17-06-11,986.92,987.92,You can't teleport through the glass.,5
User-5_2025-06-26 17-06-11,987.92,988.92,"Oh, there's glass.",5
User-5_2025-06-26 17-06-11,988.92,989.92,There is.,5
User-5_2025-06-26 17-06-11,990.92,991.92,That's sad.,5
User-5_2025-06-26 17-06-11,999.92,1000.92,Nice.,5
User-5_2025-06-26 17-06-11,1004.92,1007.92,That's sad.,5
User-5_2025-06-26 17-06-11,1008.92,1012.92,"Oh, your voice is at the top.",5
User-5_2025-06-26 17-06-11,1016.92,1018.92,Okay.,5
User-5_2025-06-26 17-06-11,1018.92,1023.92,There is something here.,5
User-5_2025-06-26 17-06-11,1027.92,1029.92,That's just a flower too.,5
User-5_2025-06-26 17-06-11,1029.92,1030.92,Well...,5
User-5_2025-06-26 17-06-11,1030.92,1031.92,umin.,5
User-5_2025-06-26 17-06-11,1031.92,1032.92,Not much on him.,5
User-5_2025-06-26 17-06-11,1032.92,1034.92,Okay.,5
User-5_2025-06-26 17-06-11,1062.92,1074.68,That's all I need.,5
User-5_2025-06-26 17-06-11,1092.5,1092.9,Okay.,5
User-5_2025-06-26 17-06-11,1092.92,1093.0,Okay.,5
User-5_2025-06-26 17-06-11,1122.92,1152.9,I don't know.,5
User-5_2025-06-26 17-06-11,1152.92,1179.5600000000002,I don't know.,5
User-5_2025-06-26 17-06-11,1179.5600000000002,1179.6200000000001,Nope.,5
User-5_2025-06-26 17-06-11,1181.1000000000001,1182.8000000000002,I can probably just,5
User-5_2025-06-26 17-06-11,1182.8000000000002,1182.9,do it.,5
User-5_2025-06-26 17-06-11,1182.92,1184.68,Yeah.,5
User-5_2025-06-26 17-06-11,1187.4,1188.16,Okay.,5
User-5_2025-06-26 17-06-11,1200.16,1205.4,This is accurate.,5
User-5_2025-06-26 17-06-11,1212.92,1214.92,Okay.,5
User-5_2025-06-26 17-06-11,1214.92,1216.92,Okay.,5
User-5_2025-06-26 17-06-11,1224.8400000000001,1225.8400000000001,Maybe.,5
User-5_2025-06-26 17-06-11,1225.8400000000001,1226.02,I'm like a self-righteous man.,5
User-5_2025-06-26 17-06-11,1226.02,1226.3200000000002,I'm like a self-righteous man.,5
User-5_2025-06-26 17-06-11,1226.3200000000002,1235.6000000000001,Okay.,5
User-5_2025-06-26 17-06-11,1236.88,1238.88,Okay.,5
User-5_2025-06-26 17-06-11,1241.5800000000002,1241.8600000000001,Okay.,5
User-5_2025-06-26 17-06-11,1241.8600000000001,1241.96,Okay.,5
User-5_2025-06-26 17-06-11,1241.96,1241.98,Okay.,5
User-5_2025-06-26 17-06-11,1241.98,1242.04,Okay.,5
User-5_2025-06-26 17-06-11,1242.28,1242.3200000000002,Okay.,5
User-5_2025-06-26 17-06-11,1242.3200000000002,1242.3400000000001,Okay.,5
User-5_2025-06-26 17-06-11,1242.3400000000001,1242.54,Okay.,5
User-5_2025-06-26 17-06-11,1242.76,1242.8200000000002,Okay.,5
User-5_2025-06-26 17-06-11,1242.8200000000002,1242.88,Okay.,5
User-5_2025-06-26 17-06-11,1242.92,1244.92,"Can I put this up, no?",5
User-5_2025-06-26 17-06-11,1248.92,1251.92,I don't remember what pastas go where.,5
User-5_2025-06-26 17-06-11,1252.92,1254.92,Seven-year-old loves carbonara sauce.,5
User-5_2025-06-26 17-06-11,1256.92,1259.92,So what do you know that can help you solve the puzzle?,5
User-5_2025-06-26 17-06-11,1260.92,1266.92,"Seven-year-old likes carbonara sauce, so carbonara is usually a pasta, like this.",5
User-5_2025-06-26 17-06-11,1267.92,1268.92,So...,5
User-5_2025-06-26 17-06-11,1270.92,1271.92,Nice.,5
User-5_2025-06-26 17-06-11,1273.92,1280.92,"The child who prefers carbonara, seven, is two years younger than the child who likes tomatoes, so nice.",5
User-5_2025-06-26 17-06-11,1285.92,1288.92,"Well, I don't want that.",5
User-5_2025-06-26 17-06-11,1293.92,1296.92,Younger who likes Alfredo.,5
User-5_2025-06-26 17-06-11,1298.92,1299.92,Oh no!,5
User-5_2025-06-26 17-06-11,1300.92,1301.92,You can pour it over.,5
User-5_2025-06-26 17-06-11,1303.92,1304.92,This?,5
User-5_2025-06-26 17-06-11,1304.92,1305.92,"Yeah, it'll reset.",5
User-5_2025-06-26 17-06-11,1305.92,1307.92,"Uh, the bowls can't be picked out.",5
User-5_2025-06-26 17-06-11,1308.92,1309.92,"Oh, okay.",5
User-5_2025-06-26 17-06-11,1309.92,1314.92,"But if you pour the jar over the other one, it'll change one minute.",5
User-5_2025-06-26 17-06-11,1314.92,1315.92,This is carbonara.,5
User-5_2025-06-26 17-06-11,1320.92,1321.92,Likes Alfredo.,5
User-5_2025-06-26 17-06-11,1329.92,1330.92,It's because it's spilled.,5
User-5_2025-06-26 17-06-11,1330.92,1331.92,Yeah.,5
User-5_2025-06-26 17-06-11,1332.92,1333.92,There you go.,5
User-5_2025-06-26 17-06-11,1333.92,1334.92,How does that do that?,5
User-5_2025-06-26 17-06-11,1334.92,1351.92,"If you throw them, like, across the room, they'll just respawn.",5
User-5_2025-06-26 17-06-11,1351.92,1356.92,"Yeah, I'll probably just do that because I messed it up.",5
User-5_2025-06-26 17-06-11,1358.92,1359.92,Nice.,5
User-5_2025-06-26 17-06-11,1359.92,1360.92,Okay.,5
User-5_2025-06-26 17-06-11,1360.92,1375.92,I don't think I should use a bunch of öffentlich lasagna supplies.,5
User-5_2025-06-26 17-06-11,1375.92,1381.92,Not very feelin' good about that wind.,5
User-5_2025-06-26 17-06-11,1381.92,1386.92,I have 1.30 left.,5
User-5_2025-06-26 17-06-11,1386.92,1407.8400000000001,"If you place the red pin on a different circle, it'll respond and you get an infinite number",5
User-5_2025-06-26 17-06-11,1407.8400000000001,1408.8400000000001,of red pins.,5
User-5_2025-06-26 17-06-11,1408.8400000000001,1411.16,"Okay, yeah, that's the thing that...",5
User-5_2025-06-26 17-06-11,1411.16,1434.0800000000002,"Okay, open your hand all the way.",5
User-5_2025-06-26 17-06-11,1434.0800000000002,1435.0800000000002,Yeah.,5
User-5_2025-06-26 17-06-11,1435.0800000000002,1436.0800000000002,Yeah.,5
User-5_2025-06-26 17-06-11,1436.0800000000002,1437.0800000000002,Two cups.,5
User-5_2025-06-26 17-06-11,1437.0800000000002,1438.0800000000002,Okay.,5
User-5_2025-06-26 17-06-11,1438.0800000000002,1439.0800000000002,Okay.,5
User-5_2025-06-26 17-06-11,1439.0800000000002,1440.0800000000002,Okay.,5
User-5_2025-06-26 17-06-11,1440.0800000000002,1441.0800000000002,Okay.,5
User-5_2025-06-26 17-06-11,1441.0800000000002,1441.1200000000001,Okay.,5
User-5_2025-06-26 17-06-11,1441.16,1442.1200000000001,Okay.,5
User-5_2025-06-26 17-06-11,1442.1200000000001,1443.1200000000001,Okay.,5
User-5_2025-06-26 17-06-11,1443.1200000000001,1444.1200000000001,Okay.,5
User-5_2025-06-26 17-06-11,1444.1200000000001,1445.1200000000001,Okay.,5
User-5_2025-06-26 17-06-11,1445.1200000000001,1446.1200000000001,Okay.,5
User-5_2025-06-26 17-06-11,1446.1200000000001,1447.1200000000001,Okay.,5
User-5_2025-06-26 17-06-11,1447.1200000000001,1448.1200000000001,Okay.,5
User-5_2025-06-26 17-06-11,1448.1200000000001,1449.1200000000001,Okay.,5
User-5_2025-06-26 17-06-11,1449.1200000000001,1450.1200000000001,Okay.,5
User-5_2025-06-26 17-06-11,1450.1200000000001,1451.1200000000001,Okay.,5
User-5_2025-06-26 17-06-11,1451.1200000000001,1452.1200000000001,Okay.,5
User-5_2025-06-26 17-06-11,1452.1200000000001,1453.1200000000001,Okay.,5
User-5_2025-06-26 17-06-11,1453.1200000000001,1454.1200000000001,Sorry that it has been so long.,5
User-5_2025-06-26 17-06-11,1454.1200000000001,1455.1200000000001,Yeah.,5
User-5_2025-06-26 17-06-11,1455.1200000000001,1456.1200000000001,Yeah.,5
User-5_2025-06-26 17-06-11,1456.1200000000001,1457.1200000000001,Yeah.,5
User-5_2025-06-26 17-06-11,1457.1200000000001,1458.1200000000001,Yeah.,5
User-5_2025-06-26 17-06-11,1458.1200000000001,1459.1200000000001,Yeah.,5
User-5_2025-06-26 17-06-11,1459.1200000000001,1460.1200000000001,Okay.,5
User-5_2025-06-26 17-06-11,1460.1200000000001,1461.1200000000001,Okay.,5
User-5_2025-06-26 17-06-11,1461.1200000000001,1462.1200000000001,Okay.,5
User-5_2025-06-26 17-06-11,1462.1200000000001,1463.1200000000001,Okay.,5
User-5_2025-06-26 17-06-11,1463.1200000000001,1469.1200000000001,It's not as much of a problem.,5
User-5_2025-06-26 17-06-11,1469.1200000000001,1471.0800000000002,It's not.,5
User-5_2025-06-26 17-06-11,1471.08,1478.08,Two steps before the carrots.,5
User-5_2025-06-26 17-06-11,1478.08,1481.08,Yeah. No.,5
User-5_2025-06-26 17-06-11,1481.08,1487.08,Two steps before the carrots.,5
User-5_2025-06-26 17-06-11,1489.08,1497.08,So these are either here or here.,5
User-5_2025-06-26 17-06-11,1501.08,1507.08,So the fourth addition is now these.,5
User-5_2025-06-26 17-06-11,1531.08,1539.08,So can you describe your process to me? Why are you doing this the way you are?,5
User-5_2025-06-26 17-06-11,1539.08,1551.08,So I'm going from the order of the ingredients.,5
User-5_2025-06-26 17-06-11,1551.08,1556.08,So the fourth addition will be either beans or an ingredient that has two cups.,5
User-5_2025-06-26 17-06-11,1556.08,1561.08,Beans cannot be true because the beans are added two steps before the carrots.,5
User-5_2025-06-26 17-06-11,1561.08,1570.08,"If they're two steps before, say carrots are either fourth or third,",5
User-5_2025-06-26 17-06-11,1570.08,1576.08,so the beans have to be second or first because they're two steps before carrots.,5
User-5_2025-06-26 17-06-11,1576.08,1582.08,So the fourth addition is not beans.,5
User-5_2025-06-26 17-06-11,1582.08,1590.08,So far that's how far I've come.,5
User-5_2025-06-26 17-06-11,1590.08,1591.08,Yeah.,5
User-5_2025-06-26 17-06-11,1591.08,1600.08,So two cups less pasta than carrots.,5
User-5_2025-06-26 17-06-11,1600.08,1609.08,"Similar banking process, I guess.",5
User-5_2025-06-26 17-06-11,1609.08,1612.08,Two cups less pasta than carrots.,5
User-5_2025-06-26 17-06-11,1612.08,1617.08,So carrots are either fourth or third.,5
User-5_2025-06-26 17-06-11,1617.08,1620.08,Pasta is either two or one.,5
User-5_2025-06-26 17-06-11,1620.08,1639.46,or one. Use one cup less beans than carrots. One cup. So either here or here.,5
User-5_2025-06-26 17-06-11,1639.46,1663.3400000000001,That leaves tomatoes. There's no tomatoes.,5
User-5_2025-06-26 17-06-11,1669.46,1676.46,So can you eliminate any options based on the information you have?,5
User-5_2025-06-26 17-06-11,1676.46,1681.46,Probably. Okay. Last ten beans.,5
User-5_2025-06-26 17-06-11,1681.46,1684.46,Beans are added to such a package.,5
User-5_2025-06-26 17-06-11,1693.46,1696.46,I wish I could write this out.,5
User-5_2025-06-26 17-06-11,1696.46,1701.46,The beans are added two steps from here.,5
User-5_2025-06-26 17-06-11,1711.46,1717.46,So what strategies did you use in prior puzzles that were effective and can you apply them here?,5
User-5_2025-06-26 17-06-11,1717.46,1720.46,What did I use?,5
User-5_2025-06-26 17-06-11,1726.46,1729.46,The alfredo sauce is leaking.,5
User-5_2025-06-26 17-06-11,1729.46,1732.46,I just noticed.,5
User-5_2025-06-26 17-06-11,1736.46,1739.46,I don't know. I just kind of went with the puzzle.,5
User-5_2025-06-26 17-06-11,1739.46,1743.46,Um. By like the information that I had.,5
User-5_2025-06-26 17-06-11,1748.46,1750.46,This can't be true.,5
User-5_2025-06-26 17-06-11,1750.46,1753.46,So I'm trying to eliminate the two cup.,5
User-5_2025-06-26 17-06-11,1756.46,1760.46,Hold on. Ingredient that has two cups.,5
User-5_2025-06-26 17-06-11,1760.46,1762.46,Either pasta or beans.,5
User-5_2025-06-26 17-06-11,1765.46,1767.46,Or tomatoes.,5
User-5_2025-06-26 17-06-11,1774.46,1775.46,What if.,5
User-5_2025-06-26 17-06-11,1779.46,1785.46,So it may be easier if you use the red tokens to mark what it cannot be.,5
User-5_2025-06-26 17-06-11,1785.46,1787.46,Instead of what it can be.,5
User-5_2025-06-26 17-06-11,1789.46,1791.46,Well.,5
User-5_2025-06-26 17-06-11,1802.46,1804.46,Okay. I'll forget.,5
User-5_2025-06-26 17-06-11,1805.46,1807.46,If I remove it altogether.,5
User-5_2025-06-26 17-06-11,1815.46,1818.46,Now it's.,5
User-5_2025-06-26 17-06-11,1841.46,1842.46,Okay.,5
User-5_2025-06-26 17-06-11,1843.46,1871.2,I'm sorry.,5
User-5_2025-06-26 17-06-11,1871.2,1872.38,"Sorry, I'm taking my sweet time.",5
User-5_2025-06-26 17-06-11,1873.46,1880.7,Beans are added two steps for carrots.,5
User-5_2025-06-26 17-06-11,1880.7,1887.5,So carrots can only be these two.,5
User-5_2025-06-26 17-06-11,1887.5,1888.5,Beans are added.,5
User-5_2025-06-26 17-06-11,1889.5,1892.5,"Oh no, that's not that.",5
User-5_2025-06-26 17-06-11,1892.5,1897.5,Two cups less pasta.,5
User-5_2025-06-26 17-06-11,1897.5,1902.5,"Oh, I'm sorry.",5
User-5_2025-06-26 17-06-11,1902.5,1907.74,One scooper.,5
User-5_2025-06-26 17-06-11,1907.74,1913.62,Third scooper.,5
User-5_2025-06-26 17-06-11,1913.62,1919.86,And this one.,5
User-5_2025-06-26 17-06-11,1919.86,1929.62,What a drawing.,5
User-5_2025-06-26 17-06-11,1929.62,1931.02,I'm weak.,5
User-5_2025-06-26 17-06-11,1931.02,1931.82,T czas.,5
User-5_2025-06-26 17-06-11,1931.82,1932.38,Good.,5
User-5_2025-06-26 17-06-11,1932.5,1940.5,"Hmm. Okay. That actually helps, I think.",5
User-5_2025-06-26 17-06-11,1954.5,1956.5,Let's say carrots are four.,5
User-5_2025-06-26 17-06-11,1962.5,1968.5,A couple of squares of carrots.,5
User-5_2025-06-26 17-06-11,1984.5,1986.5,Carrots are four.,5
User-5_2025-06-26 17-06-11,1988.5,1990.5,Cup's less.,5
User-5_2025-06-26 17-06-11,1990.5,1992.5,Pasta.,5
User-5_2025-06-26 17-06-11,1992.5,1994.5,Pasta.,5
User-5_2025-06-26 17-06-11,1998.5,2002.5,Which leaves is being green?,5
User-5_2025-06-26 17-06-11,2004.5,2006.5,Okay.,5
User-5_2025-06-26 17-06-11,2006.5,2008.5,That should be easier.,5
User-5_2025-06-26 17-06-11,2010.5,2012.5,Alright.,5
User-5_2025-06-26 17-06-11,2012.5,2014.5,Fourth addition will be ingredient that has two cups.,5
User-5_2025-06-26 17-06-11,2016.5,2018.5,that has two cups.,5
User-5_2025-06-26 17-06-11,2018.5,2020.5,Pasta.,5
User-5_2025-06-26 17-06-11,2022.5,2024.5,Yeah.,5
User-5_2025-06-26 17-06-11,2024.5,2026.5,"So, you can't be the fourth one.",5
User-5_2025-06-26 17-06-11,2030.5,2032.5,"So, you can't be second.",5
User-5_2025-06-26 17-06-11,2040.5,2042.5,Very nice.,5
User-5_2025-06-26 17-06-11,2046.5,2048.5,Excellent.,5
User-5_2025-06-26 17-06-11,2048.5,2050.5,Do I take it off?,5
